model,precision,recall,f1,tn,fp,fn,tp,T,change_point,train_n,w,sincos
extra_trees_bagging,0.0,0.0,0.0,250,0,271,0,521,250,220,10,False
extra_trees_bagging,0.2777777777777778,0.01845018450184502,0.03460207612456748,237,13,266,5,521,250,220,10,True
gb_bagging,0.0,0.0,0.0,250,0,271,0,521,250,220,10,False
gb_bagging,0.46153846153846156,0.02214022140221402,0.04225352112676056,243,7,265,6,521,250,220,10,True
lof,0.5263157894736842,0.03690036900369004,0.06896551724137931,241,9,261,10,521,250,220,10,False
lof,0.43478260869565216,0.03690036900369004,0.06802721088435375,237,13,261,10,521,250,220,10,True
rf_bagging,0.0,0.0,0.0,250,0,271,0,521,250,220,10,False
rf_bagging,0.38461538461538464,0.01845018450184502,0.035211267605633804,242,8,266,5,521,250,220,10,True
