model,precision,recall,f1,tn,fp,fn,tp,T,change_point,train_n,w,sincos
extra_trees_bagging,0.0,0.0,0.0,198,0,41,0,239,198,150,10,False
extra_trees_bagging,0.1111111111111111,0.024390243902439025,0.04,190,8,40,1,239,198,150,10,True
gb_bagging,0.0,0.0,0.0,198,0,41,0,239,198,150,10,False
gb_bagging,0.1,0.024390243902439025,0.0392156862745098,189,9,40,1,239,198,150,10,True
lof,0.125,0.024390243902439025,0.04081632653061224,191,7,40,1,239,198,150,10,False
lof,0.0,0.0,0.0,185,13,41,0,239,198,150,10,True
rf_bagging,0.0,0.0,0.0,198,0,41,0,239,198,150,10,False
rf_bagging,0.1111111111111111,0.024390243902439025,0.04,190,8,40,1,239,198,150,10,True
