model,precision,recall,f1,tn,fp,fn,tp,T,change_point,train_n,w,sincos
extra_trees_bagging,0.0,0.0,0.0,780,0,542,0,1322,780,750,10,False
extra_trees_bagging,0.23684210526315788,0.016605166051660517,0.03103448275862069,751,29,533,9,1322,780,750,10,True
gb_bagging,0.0,0.0,0.0,780,0,542,0,1322,780,750,10,False
gb_bagging,0.23076923076923078,0.01107011070110701,0.02112676056338028,760,20,536,6,1322,780,750,10,True
lof,0.43636363636363634,0.04428044280442804,0.08040201005025126,749,31,518,24,1322,780,750,10,False
lof,0.2,0.01845018450184502,0.033783783783783786,740,40,532,10,1322,780,750,10,True
rf_bagging,0.0,0.0,0.0,780,0,542,0,1322,780,750,10,False
rf_bagging,0.1875,0.01107011070110701,0.020905923344947737,754,26,536,6,1322,780,750,10,True
